,Africa,North_America,Oceania
Africa,,1.99007920587,3.47956373244
North_America,4.37400910244,,6.41422523343
Oceania,4.35387005442,14.2177393053,
