,Africa,North_America,Oceania
Africa,,2.30063495972,2.3158638364
North_America,7.08196638829,,7.09552156077
Oceania,5.23752916739,11.9450781469,
