,Africa,North_America,Oceania
Africa,,0.10001588328,0.152215837024
North_America,1.09001112668,,0.630062049866
Oceania,0.683065897847,1.40006303864,
