,Africa,North_America,Oceania
Africa,,0.0581338344388,0.0528468471376
North_America,0.727735817506,,0.611633807545
Oceania,1.17395624758,1.48080392274,
